{"cameraMode":{"drawMode":0,"name":"Shaded","section":"Shading Mode"},"sceneLighting":false,"audioPlay":false,"sceneViewState":{"showFog":false,"showMaterialUpdate":false,"showSkybox":false,"showFlares":false,"showImageEffects":false,"showParticleSystems":false},"in2DMode":false,"pivot":{"x":1.9777910709381104,"y":-0.2855358123779297,"z":0.29398298263549807},"rotation":{"x":0.19972111284732819,"y":0.17241232097148896,"z":-0.03572328761219978,"w":0.9639032483100891},"size":6.384500503540039,"orthographic":false}