{"cameraMode":{"drawMode":0,"name":"Shaded","section":"Shading Mode"},"sceneLighting":false,"audioPlay":false,"sceneViewState":{"showFog":false,"showMaterialUpdate":false,"showSkybox":false,"showFlares":false,"showImageEffects":false,"showParticleSystems":false},"in2DMode":false,"pivot":{"x":-2.6844844818115236,"y":-0.26259511709213259,"z":-4.995178699493408},"rotation":{"x":0.12222298234701157,"y":-0.5214695334434509,"z":0.07578010112047196,"w":0.841063916683197},"size":0.5668805837631226,"orthographic":false}