{"cameraMode":{"drawMode":0,"name":"Shaded","section":"Shading Mode"},"sceneLighting":false,"audioPlay":false,"sceneViewState":{"showFog":false,"showMaterialUpdate":false,"showSkybox":false,"showFlares":false,"showImageEffects":false,"showParticleSystems":false},"in2DMode":false,"pivot":{"x":1054.842041015625,"y":410.8442077636719,"z":259.457275390625},"rotation":{"x":0.055780503898859027,"y":0.002399155870079994,"z":-0.00013419492461252958,"w":0.998440146446228},"size":1693.631591796875,"orthographic":false}