{"cameraMode":{"drawMode":0,"name":"Shaded","section":"Shading Mode"},"sceneLighting":false,"audioPlay":false,"sceneViewState":{"showFog":false,"showMaterialUpdate":false,"showSkybox":false,"showFlares":false,"showImageEffects":false,"showParticleSystems":false},"in2DMode":false,"pivot":{"x":-9.238719940185547e-7,"y":0.7112148404121399,"z":0.0},"rotation":{"x":0.0006432677037082613,"y":0.9975559115409851,"z":-0.06925133615732193,"w":0.009278885088860989},"size":4.053526401519775,"orthographic":false}